row_id,customer_id,customer_name,email,credit_limit,signup_date,category,postal_code,account_manager_id
R000001,CUS-000001,Demo customer 000001,demo1@example.invalid,839.10,2025-02-27,standard,05506,P004
R000002,CUS-000002,Demo customer 000002,demo2@example.invalid,293.56,2025-03-13,enterprise,02679,P009
R000003,CUS-000003,Demo customer 000003,demo3@example.invalid,114.95,2025-10-30,premium,01520,P001
R000004,CUS-000004,Demo customer 000004,demo4@example.invalid,123.80,2025-04-22,standard,09279,P010
R000005,CUS-000005,Demo customer 000005,demo5@example.invalid,35.78,2025-10-15,standard,09928,P007
R000006,CUS-000006,Demo customer 000006,demo6@example.invalid,289.93,2025-08-18,enterprise,05557,P001
R000007,CUS-000007,Demo customer 000007,demo7@example.invalid,995.58,2025-03-23,enterprise,07924,P006
R000008,CUS-000008,Demo customer 000008,demo8@example.invalid,365.21,2025-03-21,standard,06514,P002
R000009,CUS-000009,Demo customer 000009,demo9@example.invalid,122.56,2025-07-14,standard,06881,P006
R000010,CUS-000010,Demo customer 000010,demo10@example.invalid,792.31,2025-05-16,standard,08527,P009
R000011,CUS-000011,Demo customer 000011,demo11@example.invalid,164.61,2025-07-13,standard,05803,P010
R000012,CUS-000012,Demo customer 000012,demo12@example.invalid,475.00,2025-10-23,standard,02139,P001
R000013,CUS-000013,Demo customer 000013,demo13@example.invalid,867.73,2025-04-27,premium,02307,P004
R000014,CUS-000014,Demo customer 000014,demo14@example.invalid,133.38,2025-07-14,premium,08428,P006
R000015,CUS-000015,Demo customer 000015,demo15@example.invalid,214.19,2025-07-09,premium,04432,P005
R000016,CUS-000016,Demo customer 000016,demo16@example.invalid,920.88,2025-12-16,enterprise,02169,P010
R000017,CUS-000017,Demo customer 000017,demo17@example.invalid,833.27,2025-03-29,enterprise,05010,P003
R000018,CUS-000018,Demo customer 000018,demo18@example.invalid,606.89,2025-07-14,premium,04598,P006
R000019,CUS-000019,Demo customer 000019,demo19@example.invalid,74.31,2025-04-28,standard,06168,P007
R000020,CUS-000020,Demo customer 000020,demo20@example.invalid,351.93,2025-02-03,standard,06155,P004
R000021,CUS-000021,Demo customer 000021,demo21@example.invalid,860.09,2025-09-13,premium,08517,P003
R000022,CUS-000022,Demo customer 000022,demo22@example.invalid,348.18,2025-03-13,standard,09830,P005
R000023,CUS-000023,Demo customer 000023,demo23@example.invalid,980.12,2025-10-27,premium,07543,P006
R000024,CUS-000024,Demo customer 000024,demo24@example.invalid,288.46,2025-03-12,enterprise,09085,P002
R000025,CUS-000025,Demo customer 000025,demo25@example.invalid,991.61,2025-01-25,standard,03504,P003
R000026,CUS-000026,Demo customer 000026,demo26@example.invalid,892.92,2025-08-05,enterprise,02040,P007
R000027,CUS-000027,Demo customer 000027,demo27@example.invalid,501.19,2025-11-02,premium,09669,P005
R000028,CUS-000028,Demo customer 000028,demo28@example.invalid,726.12,2025-01-06,enterprise,02876,P009
R000029,CUS-000029,Demo customer 000029,demo29@example.invalid,985.19,2025-05-17,enterprise,06573,P002
R000030,CUS-000030,Demo customer 000030,demo30@example.invalid,385.69,2025-08-11,standard,08433,P001
R000031,CUS-000031,Demo customer 000031,demo31@example.invalid,947.46,2025-05-15,enterprise,03927,P009
R000032,CUS-000032,Demo customer 000032,demo32@example.invalid,140.47,2025-11-17,premium,09317,P010
R000033,CUS-000033,Demo customer 000033,demo33@example.invalid,261.71,2025-03-20,premium,03646,P009
R000034,CUS-000034,Demo customer 000034,demo34@example.invalid,696.14,2025-01-01,enterprise,06310,P008
R000035,CUS-000035,Demo customer 000035,demo35@example.invalid,26.52,2025-02-27,premium,06038,P004
R000036,CUS-000036,Demo customer 000036,demo36@example.invalid,76.92,2025-05-04,enterprise,02290,P002
R000037,CUS-000037,Demo customer 000037,demo37@example.invalid,960.32,2025-09-06,standard,09727,P003
R000038,CUS-000038,Demo customer 000038,demo38@example.invalid,169.28,2025-12-04,premium,03705,P005
R000039,CUS-000039,Demo customer 000039,demo39@example.invalid,692.63,2025-11-07,premium,04470,P009
R000040,CUS-000040,Demo customer 000040,demo40@example.invalid,990.94,2025-12-20,standard,06107,P007
R000041,CUS-000041,Demo customer 000041,demo41@example.invalid,881.39,2025-11-29,premium,08177,P009
R000042,CUS-000042,Demo customer 000042,demo42@example.invalid,592.77,2025-03-03,standard,04681,P002
R000043,CUS-000043,Demo customer 000043,demo43@example.invalid,444.13,2025-01-11,enterprise,04770,P010
R000044,CUS-000044,Demo customer 000044,demo44@example.invalid,289.64,2025-01-04,standard,01964,P004
R000045,CUS-000045,Demo customer 000045,demo45@example.invalid,89.34,2025-01-17,premium,02160,P009
R000046,CUS-000046,Demo customer 000046,demo46@example.invalid,312.95,2025-05-23,enterprise,08953,P004
R000047,CUS-000047,Demo customer 000047,demo47@example.invalid,707.78,2025-03-09,enterprise,08744,P004
R000048,CUS-000048,Demo customer 000048,demo48@example.invalid,620.93,2025-07-28,standard,02545,P002
R000049,CUS-000049,Demo customer 000049,demo49@example.invalid,864.74,2025-08-09,premium,07939,P007
R000050,CUS-000050,Demo customer 000050,demo50@example.invalid,613.13,2025-01-28,enterprise,02612,P001
R000051,CUS-000051,Demo customer 000051,demo51@example.invalid,528.72,2025-06-23,standard,05073,P004
R000052,CUS-000052,Demo customer 000052,demo52@example.invalid,250.31,2025-10-02,premium,03296,P007
R000053,CUS-000053,Demo customer 000053,demo53@example.invalid,241.50,2025-05-23,premium,05092,P002
R000054,CUS-000054,Demo customer 000054,demo54@example.invalid,581.82,2025-10-09,standard,01828,P009
R000055,CUS-000055,Demo customer 000055,demo55@example.invalid,20.34,2025-02-17,standard,03724,P007
R000056,CUS-000056,Demo customer 000056,demo56@example.invalid,637.53,2025-09-04,standard,07570,P001
R000057,CUS-000057,Demo customer 000057,demo57@example.invalid,216.79,2025-07-14,standard,07396,P005
R000058,CUS-000058,Demo customer 000058,demo58@example.invalid,597.38,2025-05-27,premium,08973,P003
R000059,CUS-000059,Demo customer 000059,demo59@example.invalid,249.90,2025-06-01,standard,01958,P010
R000060,CUS-000060,Demo customer 000060,demo60@example.invalid,965.34,2025-10-05,standard,06138,P001
R000061,CUS-000061,Demo customer 000061,demo61@example.invalid,66.72,2025-10-27,premium,09238,P009
R000062,CUS-000062,Demo customer 000062,demo62@example.invalid,207.35,2025-01-30,enterprise,02312,P003
R000063,CUS-000063,Demo customer 000063,demo63@example.invalid,90.81,2025-11-01,standard,04853,P007
R000064,CUS-000064,Demo customer 000064,demo64@example.invalid,158.13,2025-10-19,standard,01651,P010
R000065,CUS-000065,Demo customer 000065,demo65@example.invalid,108.45,2025-08-03,enterprise,09565,P006
R000066,CUS-000066,Demo customer 000066,demo66@example.invalid,342.79,2025-04-15,enterprise,06147,P004
R000067,CUS-000067,Demo customer 000067,demo67@example.invalid,349.14,2025-07-22,standard,05915,P008
R000068,CUS-000068,Demo customer 000068,demo68@example.invalid,415.41,2025-02-07,standard,08508,P010
R000069,CUS-000069,Demo customer 000069,demo69@example.invalid,738.92,2025-02-21,standard,09808,P004
R000070,CUS-000070,Demo customer 000070,demo70@example.invalid,664.07,2025-05-16,standard,06718,P002
R000071,CUS-000071,Demo customer 000071,demo71@example.invalid,321.18,2025-07-09,premium,03584,P008
R000072,CUS-000072,Demo customer 000072,demo72@example.invalid,713.00,2025-12-27,premium,09666,P001
R000073,CUS-000073,Demo customer 000073,demo73@example.invalid,876.38,2025-10-11,premium,02697,P003
R000074,CUS-000074,Demo customer 000074,demo74@example.invalid,347.64,2025-03-01,standard,03546,P005
R000075,CUS-000075,Demo customer 000075,demo75@example.invalid,370.30,2025-11-06,standard,06617,P004
R000076,CUS-000076,Demo customer 000076,demo76@example.invalid,902.11,2025-11-21,premium,09280,P008
R000077,CUS-000077,Demo customer 000077,demo77@example.invalid,330.14,2025-01-27,standard,07939,P005
R000078,CUS-000078,Demo customer 000078,demo78@example.invalid,58.78,2025-01-02,premium,03143,P005
R000079,CUS-000079,Demo customer 000079,demo79@example.invalid,212.78,2025-08-15,enterprise,08007,P009
R000080,CUS-000080,Demo customer 000080,demo80@example.invalid,13.67,2025-02-27,standard,03442,P009
R000081,CUS-000081,Demo customer 000081,demo81@example.invalid,48.22,2025-07-09,enterprise,03426,P007
R000082,CUS-000082,Demo customer 000082,demo82@example.invalid,168.04,2025-01-22,premium,06974,P001
R000083,CUS-000083,Demo customer 000083,demo83@example.invalid,469.98,2025-04-18,enterprise,05088,P002
R000084,CUS-000084,Demo customer 000084,demo84@example.invalid,464.57,2025-10-14,premium,03532,P004
R000085,CUS-000085,Demo customer 000085,demo85@example.invalid,213.99,2025-04-01,premium,01406,P003
R000086,CUS-000086,Demo customer 000086,demo86@example.invalid,966.42,2025-06-20,premium,05065,P005
R000087,CUS-000087,Demo customer 000087,demo87@example.invalid,209.66,2025-12-26,standard,07267,P001
R000088,CUS-000088,Demo customer 000088,demo88@example.invalid,617.94,2025-04-24,standard,08541,P006
R000089,CUS-000089,Demo customer 000089,demo89@example.invalid,401.01,2025-04-27,standard,01387,P004
R000090,CUS-000090,Demo customer 000090,demo90@example.invalid,523.27,2025-06-18,premium,02137,P005
R000091,CUS-000091,Demo customer 000091,demo91@example.invalid,461.25,2025-11-25,enterprise,07548,P009
R000092,CUS-000092,Demo customer 000092,demo92@example.invalid,435.04,2025-01-15,standard,05279,P003
R000093,CUS-000093,Demo customer 000093,demo93@example.invalid,761.99,2025-05-16,standard,02776,P010
R000094,CUS-000094,Demo customer 000094,demo94@example.invalid,570.59,2025-06-26,enterprise,06139,P007
R000095,CUS-000095,Demo customer 000095,demo95@example.invalid,795.57,2025-09-19,standard,07311,P010
R000096,CUS-000096,Demo customer 000096,demo96@example.invalid,250.14,2025-05-11,standard,08144,P001
R000097,CUS-000097,Demo customer 000097,demo97@example.invalid,682.46,2025-10-03,enterprise,04228,P006
R000098,CUS-000098,Demo customer 000098,demo98@example.invalid,566.31,2025-02-05,enterprise,06409,P010
R000099,CUS-000099,Demo customer 000099,demo99@example.invalid,412.45,2025-12-06,standard,05920,P009
R000100,CUS-000100,Demo customer 000100,demo100@example.invalid,406.38,2025-12-08,premium,06344,P007
